<?xml version="1.0" encoding="UTF-8"?>
<metadata>
	<idinfo>
		<citation>
			<citeinfo>
				<origin>OCHA PAKISTAN</origin>
				<pubdate>24 March 2011</pubdate>
				<title Sync="TRUE">Pak_adm2_pco_20110324</title>
				<geoform Sync="TRUE">vector digital data</geoform>
				<serinfo>
					<sername>PCO administratve Boundaries</sername>
					<issue>V 1.2</issue>
				</serinfo>
				<pubinfo>
					<pubplace>Islamabad</pubplace>
					<publish>OCHA Pakistan</publish>
				</pubinfo>
				<onlink>http: 
				</onlink>
				<ftname Sync="TRUE">Pak_adm2_pco_20110324</ftname></citeinfo>
		</citation>
		<descript>
			<abstract>Level 2 (Districts) of Pakistan (Country wide coverage)</abstract>
			<purpose>Create a country wide administrative boundary dataset based on PCO (Population Census Organisation) data.</purpose>
			<supplinf>This dataset fits to GAUL (Global Administrative Unit Layer) level 0 boundaries and holds the PCO (Population Census Organisation) administrative boundaries, level 2</supplinf>
			<langdata Sync="TRUE">en</langdata></descript>
		<timeperd>
			<timeinfo>
				<sngdate>
					<caldate>03 March 2011</caldate>
				</sngdate>
			</timeinfo>
			<current>publication date</current>
		</timeperd>
		<status>
			<progress>In work</progress>
			<update>Continually</update>
		</status>
		<spdom>
			<bounding>
				<westbc Sync="TRUE">60.878597</westbc>
				<eastbc Sync="TRUE">79.307352</eastbc>
				<northbc Sync="TRUE">37.089424</northbc>
				<southbc Sync="TRUE">23.694683</southbc>
			</bounding>
			<lboundng><leftbc Sync="TRUE">60.878597</leftbc><rightbc Sync="TRUE">79.307352</rightbc><bottombc Sync="TRUE">23.694683</bottombc><topbc Sync="TRUE">37.089424</topbc></lboundng></spdom>
		<keywords>
			<theme>
				<themekt>Level 2</themekt>
				<themekey>Pakistan Administrative Boundary</themekey>
			</theme>
		</keywords>
		<accconst>Not for resale, freely available for the Humanitarian Community</accconst>
		<useconst>
For use by the Humanitarian community.
GAUL, OCHA and PCO  are credited as the source of the data on any maps produced using this data.
</useconst>
		<ptcontac>
			<cntinfo>
				<cntorgp>
					<cntorg>OCHA PAKISTAN</cntorg>
					<cntper>OCHA GIS UNIT</cntper>
				</cntorgp>
				<cntemail>gis.ocha.pk@gmail.com</cntemail>
			</cntinfo>
		</ptcontac>
		<datacred>OCHA (Office for Coordination of Humanitarian Affairs), PCO (Population census Organisation), GAUL (Global Administrative Unit Layer).</datacred>
		<native Sync="FALSE">ESRI ArcCatalog 9.3.1.3000</native>
		<natvform Sync="TRUE">Shapefile</natvform></idinfo>
	<dataqual>
		<lineage>
			<srcinfo>
				<srccite>
					<citeinfo>
						<origin>OCHA - Pakistan</origin>
						<pubdate>03 March 2011</pubdate>
						<title>Pakistan Administrative Boundaries</title>
						<edition>1.1</edition>
						<geoform>vector digital data</geoform>
						<serinfo>
							<sername>Pakistan Administrative Boundaries (PCO)</sername>
							<issue>V 1.1</issue>
						</serinfo>
						<pubinfo>
							<pubplace>Islamabad</pubplace>
							<publish>OCHA - Pakistan</publish>
						</pubinfo>
					</citeinfo>
				</srccite>
				<srcscale>Variable</srcscale>
				<typesrc>paper</typesrc>
				<srccitea>GAUL, OCHA, PCO</srccitea>
				<srccontr>
Population Census Organistation
Office for Coordination of Humanitarian Affairs - Pakistan
Global Administrative Unit Layer (FAO)
</srccontr>
			</srcinfo>
			<procstep>
				<procdesc>Dataset copied.</procdesc>
				<srcused>withheld</srcused>
				<procdate>20110301</procdate>
				<proctime>09225400</proctime>
			</procstep>
			<procstep>
				<procdesc>Dataset copied.</procdesc>
				<srcused>withheld</srcused>
				<procdate>20110301</procdate>
				<proctime>17352200</proctime>
			</procstep>
			<procstep>
				<procdesc>Dataset moved.</procdesc>
				<srcused>withheld</srcused>
				<procdate>20110301</procdate>
				<proctime>18130600</proctime>
			</procstep>
			<procstep>
				<procdesc>Dataset copied.</procdesc>
				<srcused>withheld</srcused>
				<procdate>20110303</procdate>
				<proctime>15480900</proctime>
			</procstep>
			<procstep>
				<procdesc>Dataset copied.</procdesc>
				<srcused>withheld</srcused>
				<procdate>20110304</procdate>
				<proctime>09514300</proctime>
			</procstep>
			<procstep>
				<procdesc>Metadata imported.</procdesc>
				<srcused>withheld</srcused>
				<procdate>20110307</procdate>
				<proctime>16551400</proctime>
			</procstep>
			<procstep><procdesc Sync="TRUE">Metadata imported.</procdesc><srcused Sync="FALSE">withheld</srcused><procdate Sync="TRUE">20110328</procdate><proctime Sync="TRUE">13075300</proctime></procstep></lineage>
	</dataqual>
	<spdoinfo>
		<direct Sync="TRUE">Vector</direct>
		<ptvctinf><esriterm Name="Pak_Admin"><efeatyp Sync="TRUE">Simple</efeatyp><efeageom code="4" Sync="TRUE"/><esritopo Sync="TRUE">FALSE</esritopo><efeacnt Sync="TRUE">0</efeacnt><spindex Sync="TRUE">TRUE</spindex><linrefer Sync="TRUE">FALSE</linrefer></esriterm></ptvctinf></spdoinfo>
	<spref>
		<horizsys>
			<geograph>
				<latres Sync="TRUE">0.000000</latres>
				<longres Sync="TRUE">0.000000</longres>
				<geogunit Sync="TRUE">Decimal degrees</geogunit>
			</geograph>
			<geodetic>
				<horizdn Sync="TRUE">D_WGS_1984</horizdn>
				<ellips Sync="TRUE">WGS_1984</ellips>
				<semiaxis Sync="TRUE">6378137.000000</semiaxis>
				<denflat Sync="TRUE">298.257224</denflat>
			</geodetic>
			<cordsysn><geogcsn Sync="TRUE">GCS_WGS_1984</geogcsn></cordsysn></horizsys>
	</spref>
	<eainfo>
		<detailed Name="Pak_Admin">
			<enttyp>
				<enttypl Sync="TRUE">Pak_Admin</enttypl>
				<enttypt Sync="TRUE">Feature Class</enttypt><enttypc Sync="TRUE">0</enttypc></enttyp>
			<attr><attrlabl Sync="TRUE">OBJECTID_1</attrlabl><attalias Sync="TRUE">OBJECTID_1</attalias><attrtype Sync="TRUE">OID</attrtype><attwidth Sync="TRUE">4</attwidth><atprecis Sync="TRUE">0</atprecis><attscale Sync="TRUE">0</attscale><attrdef Sync="TRUE">Internal feature number.</attrdef><attrdefs Sync="TRUE">Esri</attrdefs><attrdomv><udom Sync="TRUE">Sequential unique whole numbers that are automatically generated.</udom></attrdomv></attr><attr><attrlabl Sync="TRUE">OBJECTID</attrlabl><attalias Sync="TRUE">OBJECTID</attalias><attrtype Sync="TRUE">Integer</attrtype><attwidth Sync="TRUE">4</attwidth><atprecis Sync="TRUE">0</atprecis><attscale Sync="TRUE">0</attscale><attrdef Sync="TRUE">Internal feature number.</attrdef><attrdefs Sync="TRUE">ESRI</attrdefs><attrdomv><udom Sync="TRUE">Sequential unique whole numbers that are automatically generated.</udom></attrdomv></attr><attr>
				<attrlabl>Shape</attrlabl>
				<attrdef>Feature geometry.</attrdef>
				<attrdefs>ESRI</attrdefs>
				<attrdomv>
					<udom>Coordinates defining the features.</udom>
				</attrdomv>
				<attalias Sync="TRUE">Shape</attalias><attrtype Sync="TRUE">Geometry</attrtype><attwidth Sync="TRUE">0</attwidth><atprecis Sync="TRUE">0</atprecis><attscale Sync="TRUE">0</attscale></attr>
			<attr>
				<attrlabl>PROVINCE</attrlabl>
				<attalias Sync="TRUE">PROVINCE</attalias><attrtype Sync="TRUE">String</attrtype><attwidth Sync="TRUE">30</attwidth><atprecis Sync="TRUE">0</atprecis><attscale Sync="TRUE">0</attscale></attr>
			<attr>
				<attrlabl>PROVINCE_C</attrlabl>
				<attalias Sync="TRUE">PROVINCE_C</attalias><attrtype Sync="TRUE">Double</attrtype><attwidth Sync="TRUE">8</attwidth><atprecis Sync="TRUE">0</atprecis><attscale Sync="TRUE">0</attscale></attr>
			<attr>
				<attrlabl>DISTRICT</attrlabl>
				<attalias Sync="TRUE">DISTRICT</attalias><attrtype Sync="TRUE">String</attrtype><attwidth Sync="TRUE">30</attwidth><atprecis Sync="TRUE">0</atprecis><attscale Sync="TRUE">0</attscale></attr>
			<attr>
				<attrlabl>DISTRICT_C</attrlabl>
				<attalias Sync="TRUE">DISTRICT_C</attalias><attrtype Sync="TRUE">Integer</attrtype><attwidth Sync="TRUE">4</attwidth><atprecis Sync="TRUE">0</atprecis><attscale Sync="TRUE">0</attscale></attr>
			<attr><attrlabl Sync="TRUE">Remarks</attrlabl><attalias Sync="TRUE">REMARKS</attalias><attrtype Sync="TRUE">String</attrtype><attwidth Sync="TRUE">50</attwidth><atprecis Sync="TRUE">0</atprecis><attscale Sync="TRUE">0</attscale></attr><attr><attrlabl Sync="TRUE">M_20110324</attrlabl><attalias Sync="TRUE">M_20110324</attalias><attrtype Sync="TRUE">Integer</attrtype><attwidth Sync="TRUE">4</attwidth><atprecis Sync="TRUE">0</atprecis><attscale Sync="TRUE">0</attscale></attr><attr><attrlabl Sync="TRUE">D_NAME</attrlabl><attalias Sync="TRUE">D_NAME</attalias><attrtype Sync="TRUE">String</attrtype><attwidth Sync="TRUE">254</attwidth><atprecis Sync="TRUE">0</atprecis><attscale Sync="TRUE">0</attscale></attr><attr><attrlabl Sync="TRUE">SHAPE_Leng</attrlabl><attalias Sync="TRUE">SHAPE_Leng</attalias><attrtype Sync="TRUE">Double</attrtype><attwidth Sync="TRUE">8</attwidth><atprecis Sync="TRUE">0</atprecis><attscale Sync="TRUE">0</attscale></attr><attr><attrlabl Sync="TRUE">Shape_Length</attrlabl><attalias Sync="TRUE">Shape_Length</attalias><attrtype Sync="TRUE">Double</attrtype><attwidth Sync="TRUE">8</attwidth><atprecis Sync="TRUE">0</atprecis><attscale Sync="TRUE">0</attscale><attrdef Sync="TRUE">Length of feature in internal units.</attrdef><attrdefs Sync="TRUE">ESRI</attrdefs><attrdomv><udom Sync="TRUE">Positive real numbers that are automatically generated.</udom></attrdomv></attr><attr><attrlabl Sync="TRUE">Shape_Area</attrlabl><attalias Sync="TRUE">Shape_Area</attalias><attrtype Sync="TRUE">Double</attrtype><attwidth Sync="TRUE">8</attwidth><atprecis Sync="TRUE">0</atprecis><attscale Sync="TRUE">0</attscale><attrdef Sync="TRUE">Area of feature in internal units squared.</attrdef><attrdefs Sync="TRUE">ESRI</attrdefs><attrdomv><udom Sync="TRUE">Positive real numbers that are automatically generated.</udom></attrdomv></attr></detailed>
	</eainfo>
	<distinfo>
		<distrib>
			<cntinfo>
				<cntorgp>
					<cntorg>OCHA PAKISTAN</cntorg>
					<cntper>GIS UNIT</cntper>
				</cntorgp>
				<cntemail>gis.ocha.pk@gmail.com</cntemail>
			</cntinfo>
		</distrib>
		<resdesc>Downloadable Data</resdesc>
		<stdorder>
			<digform>
				<digtinfo>
					<transize>0.308</transize>
					<dssize Sync="TRUE">0.917</dssize></digtinfo>
			</digform>
		</stdorder>
	</distinfo>
	<metainfo>
		<metd Sync="TRUE">20110328</metd>
		<metrd>20110307</metrd>
		<metfrd>On Editing</metfrd>
		<metc>
			<cntinfo>
				<cntorgp>
					<cntorg>OCHA Pakistan</cntorg>
					<cntper>OCHA PAKISTAN GIS UNIT</cntper>
				</cntorgp>
				<cntpos>GIS UNIT</cntpos>
				<cntaddr>
					<addrtype>REQUIRED: The mailing and/or physical address for the organization or individual.</addrtype>
					<city>REQUIRED: The city of the address.</city>
					<state>REQUIRED: The state or province of the address.</state>
					<postal>REQUIRED: The ZIP or other postal code of the address.</postal>
				</cntaddr>
				<cntvoice>REQUIRED: The telephone number by which individuals can speak to the organization or individual.</cntvoice>
				<cntemail>gis.ocha.pk@gmail.com</cntemail>
			</cntinfo>
		</metc>
		<metstdn Sync="TRUE">FGDC Content Standards for Digital Geospatial Metadata</metstdn>
		<metstdv Sync="TRUE">FGDC-STD-001-1998</metstdv>
		<mettc Sync="TRUE">local time</mettc>
		<metextns>
			<onlink>http://www.esri.com/metadata/esriprof80.html</onlink>
			<metprof>ESRI Metadata Profile</metprof>
		</metextns>
		<metextns>
			<onlink>http://www.esri.com/metadata/esriprof80.html</onlink>
			<metprof>ESRI Metadata Profile</metprof>
		</metextns>
		<langmeta Sync="TRUE">en</langmeta></metainfo>
	<Esri><CreaDate>20210826</CreaDate><CreaTime>14430100</CreaTime><SyncOnce>FALSE</SyncOnce><SyncDate>20180718</SyncDate><SyncTime>23143400</SyncTime><ModDate>20180718</ModDate><ModTime>23143400</ModTime><DataProperties><itemProps><itemName Sync="TRUE">Pak_Admin</itemName><imsContentType Sync="TRUE">002</imsContentType></itemProps><coordRef><type Sync="TRUE">Geographic</type><geogcsn Sync="TRUE">GCS_WGS_1984</geogcsn><peXml Sync="TRUE">&lt;GeographicCoordinateSystem xsi:type='typens:GeographicCoordinateSystem' xmlns:xsi='http://www.w3.org/2001/XMLSchema-instance' xmlns:xs='http://www.w3.org/2001/XMLSchema' xmlns:typens='http://www.esri.com/schemas/ArcGIS/10.5'&gt;&lt;WKT&gt;GEOGCS[&amp;quot;GCS_WGS_1984&amp;quot;,DATUM[&amp;quot;D_WGS_1984&amp;quot;,SPHEROID[&amp;quot;WGS_1984&amp;quot;,6378137.0,298.257223563]],PRIMEM[&amp;quot;Greenwich&amp;quot;,0.0],UNIT[&amp;quot;Degree&amp;quot;,0.0174532925199433],AUTHORITY[&amp;quot;EPSG&amp;quot;,4326]]&lt;/WKT&gt;&lt;XOrigin&gt;-400&lt;/XOrigin&gt;&lt;YOrigin&gt;-400&lt;/YOrigin&gt;&lt;XYScale&gt;999999999.99999988&lt;/XYScale&gt;&lt;ZOrigin&gt;-100000&lt;/ZOrigin&gt;&lt;ZScale&gt;10000&lt;/ZScale&gt;&lt;MOrigin&gt;-100000&lt;/MOrigin&gt;&lt;MScale&gt;10000&lt;/MScale&gt;&lt;XYTolerance&gt;8.983152841195215e-009&lt;/XYTolerance&gt;&lt;ZTolerance&gt;0.001&lt;/ZTolerance&gt;&lt;MTolerance&gt;0.001&lt;/MTolerance&gt;&lt;HighPrecision&gt;true&lt;/HighPrecision&gt;&lt;LeftLongitude&gt;-180&lt;/LeftLongitude&gt;&lt;WKID&gt;4326&lt;/WKID&gt;&lt;LatestWKID&gt;4326&lt;/LatestWKID&gt;&lt;/GeographicCoordinateSystem&gt;</peXml><csUnits Sync="TRUE">Angular Unit: Degree (0.017453)</csUnits></coordRef></DataProperties><ArcGISFormat>1.0</ArcGISFormat></Esri><dataIdInfo><envirDesc Sync="TRUE"> Version 6.2 (Build 9200) ; Esri ArcGIS 10.5.0.6491</envirDesc><dataLang><languageCode Sync="TRUE" value="eng" country="USA"/><countryCode value="USA" Sync="TRUE"/></dataLang><idCitation><resTitle Sync="TRUE">Pak_Admin</resTitle><presForm><PresFormCd Sync="TRUE" value="005"/></presForm></idCitation><spatRpType><SpatRepTypCd Sync="TRUE" value="001"/></spatRpType><dataExt><geoEle><GeoBndBox esriExtentType="native"><westBL Sync="TRUE">60.878597</westBL><eastBL Sync="TRUE">79.307352</eastBL><northBL Sync="TRUE">37.089424</northBL><southBL Sync="TRUE">23.694683</southBL><exTypeCode Sync="TRUE">1</exTypeCode></GeoBndBox></geoEle></dataExt><geoBox esriExtentType="decdegrees"><westBL Sync="TRUE">60.878597</westBL><eastBL Sync="TRUE">79.307352</eastBL><northBL Sync="TRUE">37.089424</northBL><southBL Sync="TRUE">23.694683</southBL><exTypeCode Sync="TRUE">1</exTypeCode></geoBox><descKeys><thesaName uuidref="723f6998-058e-11dc-8314-0800200c9a66"/><keyword Sync="TRUE">002</keyword></descKeys></dataIdInfo><mdLang><languageCode Sync="TRUE" value="eng"/><countryCode value="USA" Sync="TRUE"/></mdLang><mdStanName Sync="TRUE">ISO 19115 Geographic Information - Metadata</mdStanName><mdStanVer Sync="TRUE">DIS_ESRI1.0</mdStanVer><mdChar><CharSetCd Sync="TRUE" value="004"/></mdChar><mdHrLv><ScopeCd Sync="TRUE" value="005"/></mdHrLv><mdHrLvName Sync="TRUE">dataset</mdHrLvName><distInfo><distributor><distorTran><onLineSrc><orDesc Sync="TRUE">002</orDesc><linkage Sync="FALSE">withheld</linkage><protocol Sync="TRUE">Local Area Network</protocol></onLineSrc><transSize Sync="TRUE">0.917</transSize></distorTran><distorFormat><formatName Sync="TRUE">Shapefile</formatName></distorFormat></distributor><distFormat><formatName Sync="TRUE">File Geodatabase Feature Class</formatName></distFormat></distInfo><refSysInfo><RefSystem><refSysID><identCode Sync="TRUE" code="4326">GCS_WGS_1984</identCode><idCodeSpace Sync="TRUE">EPSG</idCodeSpace><idVersion Sync="TRUE">6.14(3.0.1)</idVersion></refSysID></RefSystem></refSysInfo><spatRepInfo><VectSpatRep><geometObjs Name="Pak_Admin"><geoObjTyp><GeoObjTypCd value="002" Sync="TRUE"/></geoObjTyp><geoObjCnt Sync="TRUE">0</geoObjCnt></geometObjs><topLvl><TopoLevCd value="001" Sync="TRUE"/></topLvl></VectSpatRep></spatRepInfo><mdDateSt Sync="TRUE">20180718</mdDateSt></metadata>
